[
  { "label": "Afghanistan", "value": "afghanistan-asia-southern_asia" },
  { "label": "Angola", "value": "angola-africa-middle_africa" },
  { "label": "Albania", "value": "albania-europe-southern_europe" },
  { "label": "United Arab Emirates", "value": "united_arab_emirates-asia-western_asia" },
  { "label": "Argentina", "value": "argentina-south_america-americas" },
  { "label": "Armenia", "value": "armenia-asia-western_asia" },
  { "label": "Antarctica", "value": "antarctica-antarctica" },
  { "label": "Fr. S. Antarctic Lands", "value": "fr_s_antarctic_lands-seven_seas_open_ocean_" },
  { "label": "Australia", "value": "australia-oceania-australia_and_new_zealand" },
  { "label": "Austria", "value": "austria-europe-western_europe-european_union" },
  { "label": "Azerbaijan", "value": "azerbaijan-asia-western_asia" },
  { "label": "Burundi", "value": "burundi-africa-eastern_africa" },
  { "label": "Belgium", "value": "belgium-europe-western_europe-european_union" },
  { "label": "Benin", "value": "benin-africa-western_africa" },
  { "label": "Burkina Faso", "value": "burkina_faso-africa-western_africa" },
  { "label": "Bangladesh", "value": "bangladesh-asia-southern_asia" },
  { "label": "Bulgaria", "value": "bulgaria-europe-eastern_europe-european_union" },
  { "label": "Bahamas", "value": "bahamas-north_america-caribbean-americas" },
  { "label": "Bosnia and Herz.", "value": "bosnia_and_herz_-europe-southern_europe" },
  { "label": "Belarus", "value": "belarus-europe-eastern_europe" },
  { "label": "Belize", "value": "belize-north_america-central_america-americas" },
  { "label": "Bolivia", "value": "bolivia-south_america-americas" },
  { "label": "Brazil", "value": "brazil-south_america-americas" },
  { "label": "Brunei", "value": "brunei-asia-south_eastern_asia" },
  { "label": "Bhutan", "value": "bhutan-asia-southern_asia" },
  { "label": "Botswana", "value": "botswana-africa-southern_africa" },
  { "label": "Central African Rep.", "value": "central_african_rep_-africa-middle_africa" },
  { "label": "Canada", "value": "canada-north_america-northern_america-americas" },
  { "label": "Switzerland", "value": "switzerland-europe-western_europe" },
  { "label": "Chile", "value": "chile-south_america-americas" },
  { "label": "China", "value": "china-asia-eastern_asia" },
  { "label": "Côte d'Ivoire", "value": "c_te_d_ivoire-africa-western_africa" },
  { "label": "Cameroon", "value": "cameroon-africa-middle_africa" },
  { "label": "Dem. Rep. Congo", "value": "dem_rep_congo-africa-middle_africa" },
  { "label": "Congo", "value": "congo-africa-middle_africa" },
  { "label": "Colombia", "value": "colombia-south_america-americas" },
  { "label": "Costa Rica", "value": "costa_rica-north_america-central_america-americas" },
  { "label": "Cuba", "value": "cuba-north_america-caribbean-americas" },
  { "label": "N. Cyprus", "value": "n_cyprus-asia-western_asia" },
  { "label": "Cyprus", "value": "cyprus-asia-western_asia-european_union" },
  { "label": "Czechia", "value": "czechia-europe-eastern_europe-european_union" },
  { "label": "Germany", "value": "germany-europe-western_europe-european_union" },
  { "label": "Djibouti", "value": "djibouti-africa-eastern_africa" },
  { "label": "Denmark", "value": "denmark-europe-northern_europe-european_union" },
  { "label": "Dominican Rep.", "value": "dominican_rep_-north_america-caribbean-americas" },
  { "label": "Algeria", "value": "algeria-africa-northern_africa" },
  { "label": "Ecuador", "value": "ecuador-south_america-americas" },
  { "label": "Egypt", "value": "egypt-africa-northern_africa" },
  { "label": "Eritrea", "value": "eritrea-africa-eastern_africa" },
  { "label": "Spain", "value": "spain-europe-southern_europe-european_union" },
  { "label": "Estonia", "value": "estonia-europe-northern_europe-european_union" },
  { "label": "Ethiopia", "value": "ethiopia-africa-eastern_africa" },
  { "label": "Finland", "value": "finland-europe-northern_europe-european_union" },
  { "label": "Fiji", "value": "fiji-oceania-melanesia" },
  { "label": "Falkland Is.", "value": "falkland_is_-south_america-americas" },
  { "label": "France", "value": "france-europe-western_europe-european_union" },
  { "label": "Gabon", "value": "gabon-africa-middle_africa" },
  { "label": "United Kingdom", "value": "united_kingdom-europe-northern_europe-european_union" },
  { "label": "Georgia", "value": "georgia-asia-western_asia" },
  { "label": "Ghana", "value": "ghana-africa-western_africa" },
  { "label": "Guinea", "value": "guinea-africa-western_africa" },
  { "label": "Gambia", "value": "gambia-africa-western_africa" },
  { "label": "Guinea-Bissau", "value": "guinea_bissau-africa-western_africa" },
  { "label": "Eq. Guinea", "value": "eq_guinea-africa-middle_africa" },
  { "label": "Greece", "value": "greece-europe-southern_europe" },
  { "label": "Greenland", "value": "greenland-north_america-northern_america-americas" },
  { "label": "Guatemala", "value": "guatemala-north_america-central_america-americas" },
  { "label": "Guyana", "value": "guyana-south_america-americas" },
  { "label": "Honduras", "value": "honduras-north_america-central_america-americas" },
  { "label": "Croatia", "value": "croatia-europe-southern_europe-european_union" },
  { "label": "Haiti", "value": "haiti-north_america-caribbean-americas" },
  { "label": "Hungary", "value": "hungary-europe-eastern_europe-european_union" },
  { "label": "Indonesia", "value": "indonesia-asia-south_eastern_asia" },
  { "label": "India", "value": "india-asia-southern_asia" },
  { "label": "Ireland", "value": "ireland-europe-northern_europe-european_union" },
  { "label": "Iran", "value": "iran-asia-southern_asia" },
  { "label": "Iraq", "value": "iraq-asia-western_asia" },
  { "label": "Iceland", "value": "iceland-europe-northern_europe" },
  { "label": "Israel", "value": "israel-asia-western_asia" },
  { "label": "Italy", "value": "italy-europe-southern_europe-european_union" },
  { "label": "Jamaica", "value": "jamaica-north_america-caribbean-americas" },
  { "label": "Jordan", "value": "jordan-asia-western_asia" },
  { "label": "Japan", "value": "japan-asia-eastern_asia" },
  { "label": "Kazakhstan", "value": "kazakhstan-asia-central_asia" },
  { "label": "Kenya", "value": "kenya-africa-eastern_africa" },
  { "label": "Kyrgyzstan", "value": "kyrgyzstan-asia-central_asia" },
  { "label": "Cambodia", "value": "cambodia-asia-south_eastern_asia" },
  { "label": "South Korea", "value": "south_korea-asia-eastern_asia" },
  { "label": "Kosovo", "value": "kosovo-europe-southern_europe" },
  { "label": "Kuwait", "value": "kuwait-asia-western_asia" },
  { "label": "Laos", "value": "laos-asia-south_eastern_asia" },
  { "label": "Lebanon", "value": "lebanon-asia-western_asia" },
  { "label": "Liberia", "value": "liberia-africa-western_africa" },
  { "label": "Libya", "value": "libya-africa-northern_africa" },
  { "label": "Sri Lanka", "value": "sri_lanka-asia-southern_asia" },
  { "label": "Lesotho", "value": "lesotho-africa-southern_africa" },
  { "label": "Lithuania", "value": "lithuania-europe-northern_europe-european_union" },
  { "label": "Luxembourg", "value": "luxembourg-europe-western_europe-european_union" },
  { "label": "Latvia", "value": "latvia-europe-northern_europe-european_union" },
  { "label": "Morocco", "value": "morocco-africa-northern_africa" },
  { "label": "Moldova", "value": "moldova-europe-eastern_europe" },
  { "label": "Madagascar", "value": "madagascar-africa-eastern_africa" },
  { "label": "Mexico", "value": "mexico-north_america-central_america-americas" },
  { "label": "Macedonia", "value": "macedonia-europe-southern_europe" },
  { "label": "Mali", "value": "mali-africa-western_africa" },
  { "label": "Myanmar", "value": "myanmar-asia-south_eastern_asia" },
  { "label": "Montenegro", "value": "montenegro-europe-southern_europe" },
  { "label": "Mongolia", "value": "mongolia-asia-eastern_asia" },
  { "label": "Mozambique", "value": "mozambique-africa-eastern_africa" },
  { "label": "Mauritania", "value": "mauritania-africa-western_africa" },
  { "label": "Malawi", "value": "malawi-africa-eastern_africa" },
  { "label": "Malaysia", "value": "malaysia-asia-south_eastern_asia" },
  { "label": "Namibia", "value": "namibia-africa-southern_africa" },
  { "label": "New Caledonia", "value": "new_caledonia-oceania-melanesia" },
  { "label": "Niger", "value": "niger-africa-western_africa" },
  { "label": "Nigeria", "value": "nigeria-africa-western_africa" },
  { "label": "Nicaragua", "value": "nicaragua-north_america-central_america-americas" },
  { "label": "Netherlands", "value": "netherlands-europe-western_europe-european_union" },
  { "label": "Norway", "value": "norway-europe-northern_europe" },
  { "label": "Nepal", "value": "nepal-asia-southern_asia" },
  { "label": "New Zealand", "value": "new_zealand-oceania-australia_and_new_zealand" },
  { "label": "Oman", "value": "oman-asia-western_asia" },
  { "label": "Pakistan", "value": "pakistan-asia-southern_asia" },
  { "label": "Panama", "value": "panama-north_america-central_america-americas" },
  { "label": "Peru", "value": "peru-south_america-americas" },
  { "label": "Philippines", "value": "philippines-asia-south_eastern_asia" },
  { "label": "Papua New Guinea", "value": "papua_new_guinea-oceania-melanesia" },
  { "label": "Poland", "value": "poland-europe-eastern_europe-european_union" },
  { "label": "Puerto Rico", "value": "puerto_rico-north_america-caribbean-americas" },
  { "label": "North Korea", "value": "north_korea-asia-eastern_asia" },
  { "label": "Portugal", "value": "portugal-europe-southern_europe-european_union" },
  { "label": "Paraguay", "value": "paraguay-south_america-americas" },
  { "label": "Palestine", "value": "palestine-asia-western_asia" },
  { "label": "Qatar", "value": "qatar-asia-western_asia" },
  { "label": "Romania", "value": "romania-europe-eastern_europe-european_union" },
  { "label": "Russia", "value": "russia-europe-eastern_europe" },
  { "label": "Rwanda", "value": "rwanda-africa-eastern_africa" },
  { "label": "W. Sahara", "value": "w_sahara-africa-northern_africa" },
  { "label": "Saudi Arabia", "value": "saudi_arabia-asia-western_asia" },
  { "label": "Sudan", "value": "sudan-africa-northern_africa" },
  { "label": "S. Sudan", "value": "s_sudan-africa-eastern_africa" },
  { "label": "Senegal", "value": "senegal-africa-western_africa" },
  { "label": "Solomon Is.", "value": "solomon_is_-oceania-melanesia" },
  { "label": "Sierra Leone", "value": "sierra_leone-africa-western_africa" },
  { "label": "El Salvador", "value": "el_salvador-north_america-central_america-americas" },
  { "label": "Somaliland", "value": "somaliland-africa-eastern_africa" },
  { "label": "Somalia", "value": "somalia-africa-eastern_africa" },
  { "label": "Serbia", "value": "serbia-europe-southern_europe" },
  { "label": "Suriname", "value": "suriname-south_america-americas" },
  { "label": "Slovakia", "value": "slovakia-europe-eastern_europe-european_union" },
  { "label": "Slovenia", "value": "slovenia-europe-southern_europe-european_union" },
  { "label": "Sweden", "value": "sweden-europe-northern_europe-european_union" },
  { "label": "Swaziland", "value": "swaziland-africa-southern_africa" },
  { "label": "Syria", "value": "syria-asia-western_asia" },
  { "label": "Chad", "value": "chad-africa-middle_africa" },
  { "label": "Togo", "value": "togo-africa-western_africa" },
  { "label": "Thailand", "value": "thailand-asia-south_eastern_asia" },
  { "label": "Tajikistan", "value": "tajikistan-asia-central_asia" },
  { "label": "Turkmenistan", "value": "turkmenistan-asia-central_asia" },
  { "label": "Timor-Leste", "value": "timor_leste-asia-south_eastern_asia" },
  { "label": "Trinidad and Tobago", "value": "trinidad_and_tobago-north_america-caribbean-americas" },
  { "label": "Tunisia", "value": "tunisia-africa-northern_africa" },
  { "label": "Turkey", "value": "turkey-asia-western_asia" },
  { "label": "Taiwan", "value": "taiwan-asia-eastern_asia" },
  { "label": "Tanzania", "value": "tanzania-africa-eastern_africa" },
  { "label": "Uganda", "value": "uganda-africa-eastern_africa" },
  { "label": "Ukraine", "value": "ukraine-europe-eastern_europe" },
  { "label": "Uruguay", "value": "uruguay-south_america-americas" },
  { "label": "United States of America", "value": "united_states_of_america-north_america-northern_america-americas" },
  { "label": "Uzbekistan", "value": "uzbekistan-asia-central_asia" },
  { "label": "Venezuela", "value": "venezuela-south_america-americas" },
  { "label": "Vietnam", "value": "vietnam-asia-south_eastern_asia" },
  { "label": "Vanuatu", "value": "vanuatu-oceania-melanesia" },
  { "label": "Yemen", "value": "yemen-asia-western_asia" },
  { "label": "South Africa", "value": "south_africa-africa-southern_africa" },
  { "label": "Zambia", "value": "zambia-africa-eastern_africa" },
  { "label": "Africa", "value": "africa" },
  { "label": "Americas", "value": "americas" },
  { "label": "Antarctica", "value": "antarctica" },
  { "label": "Asia", "value": "asia" },
  { "label": "Australia and New Zealand", "value": "australia_and_new_zealand" },
  { "label": "Caribbean", "value": "caribbean" },
  { "label": "Central America", "value": "central_america" },
  { "label": "Central Asia", "value": "central_asia" },
  { "label": "Eastern Africa", "value": "eastern_africa" },
  { "label": "Eastern Asia", "value": "eastern_asia" },
  { "label": "Eastern Europe", "value": "eastern_europe" },
  { "label": "Europe", "value": "europe" },
  { "label": "European Union", "value": "european_union" },
  { "label": "Melanesia", "value": "melanesia" },
  { "label": "Middle Africa", "value": "middle_africa" },
  { "label": "North America", "value": "north_america" },
  { "label": "Northern Africa", "value": "northern_africa" },
  { "label": "Northern America", "value": "northern_america" },
  { "label": "Northern Europe", "value": "northern_europe" },
  { "label": "Oceania", "value": "oceania" },
  { "label": "Seven seas (open ocean)", "value": "seven_seas_open_ocean_" },
  { "label": "South America", "value": "south_america" },
  { "label": "South-Eastern Asia", "value": "south_eastern_asia" },
  { "label": "Southern Africa", "value": "southern_africa" },
  { "label": "Southern Asia", "value": "southern_asia" },
  { "label": "Southern Europe", "value": "southern_europe" },
  { "label": "Western Africa", "value": "western_africa" },
  { "label": "Western Asia", "value": "western_asia" },
  { "label": "Western Europe", "value": "western_europe" },
  { "label": "Australian Capital Territory", "value": "australian_capital_territory" },
  { "label": "Christmas Island", "value": "christmas_island" },
  { "label": "Cocos Islands", "value": "cocos_islands" },
  { "label": "Heard Island and McDonald Islands", "value": "heard_island_and_mcdonald_islands" },
  { "label": "Jervis Bay Territory", "value": "jervis_bay_territory" },
  { "label": "New South Wales", "value": "new_south_wales" },
  { "label": "Norfolk Island", "value": "norfolk_island" },
  { "label": "Northern Territory", "value": "northern_territory" },
  { "label": "Queensland", "value": "queensland" },
  { "label": "South Australia", "value": "south_australia" },
  { "label": "Tasmania", "value": "tasmania" },
  { "label": "Victoria", "value": "victoria" },
  { "label": "Western Australia", "value": "western_australia" },
  { "label": "Burgenland", "value": "burgenland" },
  { "label": "Kärnten", "value": "k_rnten" },
  { "label": "Niederösterreich", "value": "nieder_sterreich" },
  { "label": "Oberösterreich", "value": "ober_sterreich" },
  { "label": "Salzburg", "value": "salzburg" },
  { "label": "Steiermark", "value": "steiermark" },
  { "label": "Tirol", "value": "tirol" },
  { "label": "Vorarlberg", "value": "vorarlberg" },
  { "label": "Wien", "value": "wien" },
  { "label": "Antwerpen", "value": "antwerpen" },
  { "label": "Henegouwen", "value": "henegouwen" },
  { "label": "Limburg", "value": "limburg" },
  { "label": "Luik", "value": "luik" },
  { "label": "Luxemburg", "value": "luxemburg" },
  { "label": "Namen", "value": "namen" },
  { "label": "Oost-Vlaanderen", "value": "oost_vlaanderen" },
  { "label": "Vlaams-Brabant", "value": "vlaams_brabant" },
  { "label": "Waals-Brabant", "value": "waals_brabant" },
  { "label": "West-Vlaanderen", "value": "west_vlaanderen" },
  { "label": "Bagerhat", "value": "bagerhat" },
  { "label": "Bandarban", "value": "bandarban" },
  { "label": "Barguna", "value": "barguna" },
  { "label": "Barisal", "value": "barisal" },
  { "label": "Bhola", "value": "bhola" },
  { "label": "Bogra", "value": "bogra" },
  { "label": "Brahmanbaria", "value": "brahmanbaria" },
  { "label": "Chandpur", "value": "chandpur" },
  { "label": "Chapainawabganj", "value": "chapainawabganj" },
  { "label": "Chittagong", "value": "chittagong" },
  { "label": "Chuadanga", "value": "chuadanga" },
  { "label": "Comilla", "value": "comilla" },
  { "label": "Cox's Bazar", "value": "cox_s_bazar" },
  { "label": "Dhaka", "value": "dhaka" },
  { "label": "Dinajpur", "value": "dinajpur" },
  { "label": "Faridpur", "value": "faridpur" },
  { "label": "Feni", "value": "feni" },
  { "label": "Gaibandha", "value": "gaibandha" },
  { "label": "Gazipur", "value": "gazipur" },
  { "label": "Gopalganj", "value": "gopalganj" },
  { "label": "Habiganj", "value": "habiganj" },
  { "label": "Jamalpur", "value": "jamalpur" },
  { "label": "Jessore", "value": "jessore" },
  { "label": "Jhalokati", "value": "jhalokati" },
  { "label": "Jhenaidah", "value": "jhenaidah" },
  { "label": "Joypurhat", "value": "joypurhat" },
  { "label": "Khagrachhari", "value": "khagrachhari" },
  { "label": "Khulna", "value": "khulna" },
  { "label": "Kishoreganj", "value": "kishoreganj" },
  { "label": "Kurigram", "value": "kurigram" },
  { "label": "Kushtia", "value": "kushtia" },
  { "label": "Lakshmipur", "value": "lakshmipur" },
  { "label": "Lalmonirhat", "value": "lalmonirhat" },
  { "label": "Madaripur", "value": "madaripur" },
  { "label": "Magura", "value": "magura" },
  { "label": "Manikganj", "value": "manikganj" },
  { "label": "Meherpur", "value": "meherpur" },
  { "label": "Moulvibazar", "value": "moulvibazar" },
  { "label": "Munshiganj", "value": "munshiganj" },
  { "label": "Mymensingh", "value": "mymensingh" },
  { "label": "Naogaon", "value": "naogaon" },
  { "label": "Narail", "value": "narail" },
  { "label": "Narayanganj", "value": "narayanganj" },
  { "label": "Narsingdi", "value": "narsingdi" },
  { "label": "Natore", "value": "natore" },
  { "label": "Netrakona", "value": "netrakona" },
  { "label": "Nilphamari", "value": "nilphamari" },
  { "label": "Noakhali", "value": "noakhali" },
  { "label": "Pabna", "value": "pabna" },
  { "label": "Panchagarh", "value": "panchagarh" },
  { "label": "Patuakhali", "value": "patuakhali" },
  { "label": "Pirojpur", "value": "pirojpur" },
  { "label": "Rajbari", "value": "rajbari" },
  { "label": "Rajshahi", "value": "rajshahi" },
  { "label": "Rangamati", "value": "rangamati" },
  { "label": "Rangpur", "value": "rangpur" },
  { "label": "Satkhira", "value": "satkhira" },
  { "label": "Shariatpur", "value": "shariatpur" },
  { "label": "Sherpur", "value": "sherpur" },
  { "label": "Sirajganj", "value": "sirajganj" },
  { "label": "Sunamganj", "value": "sunamganj" },
  { "label": "Sylhet", "value": "sylhet" },
  { "label": "Tangail", "value": "tangail" },
  { "label": "Thakurgaon", "value": "thakurgaon" },
  { "label": "Beni", "value": "beni" },
  { "label": "Chuquisaca", "value": "chuquisaca" },
  { "label": "Cochabamba", "value": "cochabamba" },
  { "label": "La Paz", "value": "la_paz" },
  { "label": "Oruro", "value": "oruro" },
  { "label": "Pando", "value": "pando" },
  { "label": "Potosí", "value": "potos_" },
  { "label": "Santa Cruz", "value": "santa_cruz" },
  { "label": "Tarija", "value": "tarija" },
  { "label": "Acre", "value": "acre" },
  { "label": "Alagoas", "value": "alagoas" },
  { "label": "Amapá", "value": "amap_" },
  { "label": "Amazonas", "value": "amazonas" },
  { "label": "Bahia", "value": "bahia" },
  { "label": "Ceará", "value": "cear_" },
  { "label": "Distrito Federal", "value": "distrito_federal" },
  { "label": "Espírito Santo", "value": "esp_rito_santo" },
  { "label": "Goiás", "value": "goi_s" },
  { "label": "Maranhão", "value": "maranh_o" },
  { "label": "Mato Grosso", "value": "mato_grosso" },
  { "label": "Mato Grosso do Sul", "value": "mato_grosso_do_sul" },
  { "label": "Minas Gerais", "value": "minas_gerais" },
  { "label": "Paraná", "value": "paran_" },
  { "label": "Paraíba", "value": "para_ba" },
  { "label": "Pará", "value": "par_" },
  { "label": "Pernambuco", "value": "pernambuco" },
  { "label": "Piauí", "value": "piau_" },
  { "label": "Rio Grande do Norte", "value": "rio_grande_do_norte" },
  { "label": "Rio Grande do Sul", "value": "rio_grande_do_sul" },
  { "label": "Rio de Janeiro", "value": "rio_de_janeiro" },
  { "label": "Rondônia", "value": "rond_nia" },
  { "label": "Roraima", "value": "roraima" },
  { "label": "Santa Catarina", "value": "santa_catarina" },
  { "label": "Sergipe", "value": "sergipe" },
  { "label": "São Paulo", "value": "s_o_paulo" },
  { "label": "Tocantins", "value": "tocantins" },
  { "label": "Alberta", "value": "alberta" },
  { "label": "British Columbia", "value": "british_columbia" },
  { "label": "Manitoba", "value": "manitoba" },
  { "label": "New Brunswick", "value": "new_brunswick" },
  { "label": "Newfoundland and Labrador", "value": "newfoundland_and_labrador" },
  { "label": "Northwest Territories", "value": "northwest_territories" },
  { "label": "Nova Scotia", "value": "nova_scotia" },
  { "label": "Nunavut", "value": "nunavut" },
  { "label": "Ontario", "value": "ontario" },
  { "label": "Prince Edward Island", "value": "prince_edward_island" },
  { "label": "Quebec", "value": "quebec" },
  { "label": "Saskatchewan", "value": "saskatchewan" },
  { "label": "Yukon", "value": "yukon" },
  { "label": "I Tarapacá", "value": "i_tarapac_" },
  { "label": "II Antofagasta", "value": "ii_antofagasta" },
  { "label": "III Atacama", "value": "iii_atacama" },
  { "label": "IV Coquimbo", "value": "iv_coquimbo" },
  { "label": "IX Araucanía", "value": "ix_araucan_a" },
  { "label": "RM Santiago Metropolitan", "value": "rm_santiago_metropolitan" },
  { "label": "V Valparaíso", "value": "v_valpara_so" },
  { "label": "VI O'Higgins", "value": "vi_o_higgins" },
  { "label": "VII Maule", "value": "vii_maule" },
  { "label": "VIII Biobío", "value": "viii_biob_o" },
  { "label": "X Los Lagos", "value": "x_los_lagos" },
  { "label": "XI Aisén", "value": "xi_ais_n" },
  { "label": "XII Magallanes", "value": "xii_magallanes" },
  { "label": "XIV Los Ríos", "value": "xiv_los_r_os" },
  { "label": "XV Arica and Parinacota", "value": "xv_arica_and_parinacota" },
  { "label": "Anhui", "value": "anhui" },
  { "label": "Beijing", "value": "beijing" },
  { "label": "Chongqing", "value": "chongqing" },
  { "label": "Fujian", "value": "fujian" },
  { "label": "Gansu", "value": "gansu" },
  { "label": "Guangdong", "value": "guangdong" },
  { "label": "Guangxi", "value": "guangxi" },
  { "label": "Guizhou", "value": "guizhou" },
  { "label": "Hainan", "value": "hainan" },
  { "label": "Hebei", "value": "hebei" },
  { "label": "Heilongjiang", "value": "heilongjiang" },
  { "label": "Henan", "value": "henan" },
  { "label": "Hongkong", "value": "hongkong" },
  { "label": "Hubei", "value": "hubei" },
  { "label": "Hunan", "value": "hunan" },
  { "label": "Inner Mongolia", "value": "inner_mongolia" },
  { "label": "Jiangsu", "value": "jiangsu" },
  { "label": "Jiangxi", "value": "jiangxi" },
  { "label": "Jilin", "value": "jilin" },
  { "label": "Liaoning", "value": "liaoning" },
  { "label": "Macau", "value": "macau" },
  { "label": "Ningxia", "value": "ningxia" },
  { "label": "Qinghai", "value": "qinghai" },
  { "label": "Shaanxi", "value": "shaanxi" },
  { "label": "Shandong", "value": "shandong" },
  { "label": "Shanghai", "value": "shanghai" },
  { "label": "Shanxi", "value": "shanxi" },
  { "label": "Taiwan", "value": "taiwan" },
  { "label": "Tianjin", "value": "tianjin" },
  { "label": "Xinjiang", "value": "xinjiang" },
  { "label": "Xizang", "value": "xizang" },
  { "label": "Yunnan", "value": "yunnan" },
  { "label": "Zhejiang", "value": "zhejiang" },
  { "label": "sichuan", "value": "sichuan" },
  { "label": "Baden-Württemberg", "value": "baden_w_rttemberg" },
  { "label": "Bayern", "value": "bayern" },
  { "label": "Berlin", "value": "berlin" },
  { "label": "Brandenburg", "value": "brandenburg" },
  { "label": "Bremen", "value": "bremen" },
  { "label": "Hamburg", "value": "hamburg" },
  { "label": "Hessen", "value": "hessen" },
  { "label": "Mecklenburg-Vorpommern", "value": "mecklenburg_vorpommern" },
  { "label": "Niedersachsen", "value": "niedersachsen" },
  { "label": "Nordrhein-Westfalen", "value": "nordrhein_westfalen" },
  { "label": "Rheinland-Pfalz", "value": "rheinland_pfalz" },
  { "label": "Saarland", "value": "saarland" },
  { "label": "Sachsen", "value": "sachsen" },
  { "label": "Sachsen-Anhalt", "value": "sachsen_anhalt" },
  { "label": "Schleswig-Holstein", "value": "schleswig_holstein" },
  { "label": "Thüringen", "value": "th_ringen" },
  { "label": "Albacete", "value": "albacete" },
  { "label": "Alicante", "value": "alicante" },
  { "label": "Almeria", "value": "almeria" },
  { "label": "Badajoz", "value": "badajoz" },
  { "label": "Barcelona", "value": "barcelona" },
  { "label": "Burgos", "value": "burgos" },
  { "label": "Castellón", "value": "castell_n" },
  { "label": "Ciudad Real", "value": "ciudad_real" },
  { "label": "Cuenca", "value": "cuenca" },
  { "label": "Cáceres", "value": "c_ceres" },
  { "label": "Cádiz", "value": "c_diz" },
  { "label": "Córdoba", "value": "c_rdoba" },
  { "label": "Gerona", "value": "gerona" },
  { "label": "Granada", "value": "granada" },
  { "label": "Guadalajara", "value": "guadalajara" },
  { "label": "Guipúzcoa", "value": "guip_zcoa" },
  { "label": "Huelva", "value": "huelva" },
  { "label": "Huesca", "value": "huesca" },
  { "label": "Jaén", "value": "ja_n" },
  { "label": "La Coruña", "value": "la_coru_a" },
  { "label": "La Rioja", "value": "la_rioja" },
  { "label": "Las Palmas", "value": "las_palmas" },
  { "label": "León", "value": "le_n" },
  { "label": "Lugo", "value": "lugo" },
  { "label": "Lérida", "value": "l_rida" },
  { "label": "Madrid", "value": "madrid" },
  { "label": "Murcia", "value": "murcia" },
  { "label": "Málaga", "value": "m_laga" },
  { "label": "Orense", "value": "orense" },
  { "label": "Palencia", "value": "palencia" },
  { "label": "Pontevedra", "value": "pontevedra" },
  { "label": "Salamanca", "value": "salamanca" },
  { "label": "Segovia", "value": "segovia" },
  { "label": "Sevilla", "value": "sevilla" },
  { "label": "Soria", "value": "soria" },
  { "label": "Tarragona", "value": "tarragona" },
  { "label": "Tenerife", "value": "tenerife" },
  { "label": "Teruel", "value": "teruel" },
  { "label": "Toledo", "value": "toledo" },
  { "label": "Valencia", "value": "valencia" },
  { "label": "Valladolid", "value": "valladolid" },
  { "label": "Vizcaya", "value": "vizcaya" },
  { "label": "Zamora", "value": "zamora" },
  { "label": "Zaragoza", "value": "zaragoza" },
  { "label": "Álava", "value": "_lava" },
  { "label": "Ávila", "value": "_vila" },
  { "label": "England", "value": "england" },
  { "label": "Northern Ireland", "value": "northern_ireland" },
  { "label": "Scotland", "value": "scotland" },
  { "label": "Wales", "value": "wales" },
  { "label": "Bali", "value": "bali" },
  { "label": "Bangka–Belitung Islands", "value": "bangka_belitung_islands" },
  { "label": "Banten", "value": "banten" },
  { "label": "Bengkulu", "value": "bengkulu" },
  { "label": "Central Java", "value": "central_java" },
  { "label": "Central Kalimantan", "value": "central_kalimantan" },
  { "label": "Central Sulawesi", "value": "central_sulawesi" },
  { "label": "East Java", "value": "east_java" },
  { "label": "East Kalimantan", "value": "east_kalimantan" },
  { "label": "East Nusa Tenggara", "value": "east_nusa_tenggara" },
  { "label": "Gorontalo", "value": "gorontalo" },
  { "label": "Jakarta Special Capital Region", "value": "jakarta_special_capital_region" },
  { "label": "Jambi", "value": "jambi" },
  { "label": "Lampung", "value": "lampung" },
  { "label": "Maluku", "value": "maluku" },
  { "label": "North Kalimantan", "value": "north_kalimantan" },
  { "label": "North Maluku", "value": "north_maluku" },
  { "label": "North Sulawesi", "value": "north_sulawesi" },
  { "label": "North Sumatra", "value": "north_sumatra" },
  { "label": "Riau", "value": "riau" },
  { "label": "Riau Islands", "value": "riau_islands" },
  { "label": "South Kalimantan", "value": "south_kalimantan" },
  { "label": "South Sulawesi", "value": "south_sulawesi" },
  { "label": "South Sumatra", "value": "south_sumatra" },
  { "label": "Southeast Sulawesi", "value": "southeast_sulawesi" },
  { "label": "Special Region of Aceh", "value": "special_region_of_aceh" },
  { "label": "Special Region of Papua", "value": "special_region_of_papua" },
  { "label": "Special Region of West Papua", "value": "special_region_of_west_papua" },
  { "label": "Special Region of Yogyakarta", "value": "special_region_of_yogyakarta" },
  { "label": "West Java", "value": "west_java" },
  { "label": "West Kalimantan", "value": "west_kalimantan" },
  { "label": "West Nusa Tenggara", "value": "west_nusa_tenggara" },
  { "label": "West Sulawesi", "value": "west_sulawesi" },
  { "label": "West Sumatra", "value": "west_sumatra" },
  { "label": "Andaman and Nicobar Islands", "value": "andaman_and_nicobar_islands" },
  { "label": "Andhra Pradesh", "value": "andhra_pradesh" },
  { "label": "Arunachal Pradesh", "value": "arunachal_pradesh" },
  { "label": "Assam", "value": "assam" },
  { "label": "Bihar", "value": "bihar" },
  { "label": "Chandigarh", "value": "chandigarh" },
  { "label": "Chhattisgarh", "value": "chhattisgarh" },
  { "label": "Dadra and Nagar Haveli", "value": "dadra_and_nagar_haveli" },
  { "label": "Daman and Diu", "value": "daman_and_diu" },
  { "label": "Goa", "value": "goa" },
  { "label": "Gujarat", "value": "gujarat" },
  { "label": "Haryana", "value": "haryana" },
  { "label": "Himachal Pradesh", "value": "himachal_pradesh" },
  { "label": "Jammu and Kashmir", "value": "jammu_and_kashmir" },
  { "label": "Jharkhand", "value": "jharkhand" },
  { "label": "Karnataka", "value": "karnataka" },
  { "label": "Kerala", "value": "kerala" },
  { "label": "Lakshadweep", "value": "lakshadweep" },
  { "label": "Madhya Pradesh", "value": "madhya_pradesh" },
  { "label": "Maharashtra", "value": "maharashtra" },
  { "label": "Manipur", "value": "manipur" },
  { "label": "Meghalaya", "value": "meghalaya" },
  { "label": "Mizoram", "value": "mizoram" },
  { "label": "Nagaland", "value": "nagaland" },
  { "label": "National Capital Territory of Delhi", "value": "national_capital_territory_of_delhi" },
  { "label": "Odisha", "value": "odisha" },
  { "label": "Puducherry", "value": "puducherry" },
  { "label": "Punjab", "value": "punjab" },
  { "label": "Rajasthan", "value": "rajasthan" },
  { "label": "Sikkim", "value": "sikkim" },
  { "label": "Tamil Nadu", "value": "tamil_nadu" },
  { "label": "Telangana", "value": "telangana" },
  { "label": "Tripura", "value": "tripura" },
  { "label": "Uttar Pradesh", "value": "uttar_pradesh" },
  { "label": "Uttarakhand", "value": "uttarakhand" },
  { "label": "West Bengal", "value": "west_bengal" },
  { "label": "Aichi", "value": "aichi" },
  { "label": "Akita", "value": "akita" },
  { "label": "Aomori", "value": "aomori" },
  { "label": "Chiba", "value": "chiba" },
  { "label": "Ehime", "value": "ehime" },
  { "label": "Fukui", "value": "fukui" },
  { "label": "Fukuoka", "value": "fukuoka" },
  { "label": "Fukushima", "value": "fukushima" },
  { "label": "Gifu", "value": "gifu" },
  { "label": "Gunma", "value": "gunma" },
  { "label": "Hiroshima", "value": "hiroshima" },
  { "label": "Hokkaidō", "value": "hokkaid_" },
  { "label": "Hyōgo", "value": "hy_go" },
  { "label": "Ibaraki", "value": "ibaraki" },
  { "label": "Ishikawa", "value": "ishikawa" },
  { "label": "Iwate", "value": "iwate" },
  { "label": "Kagawa", "value": "kagawa" },
  { "label": "Kagoshima", "value": "kagoshima" },
  { "label": "Kanagawa", "value": "kanagawa" },
  { "label": "Kumamoto", "value": "kumamoto" },
  { "label": "Kyōto", "value": "ky_to" },
  { "label": "Kōchi", "value": "k_chi" },
  { "label": "Mie", "value": "mie" },
  { "label": "Miyagi", "value": "miyagi" },
  { "label": "Miyazaki", "value": "miyazaki" },
  { "label": "Nagano", "value": "nagano" },
  { "label": "Nagasaki", "value": "nagasaki" },
  { "label": "Nara", "value": "nara" },
  { "label": "Niigata", "value": "niigata" },
  { "label": "Okayama", "value": "okayama" },
  { "label": "Okinawa", "value": "okinawa" },
  { "label": "Saga", "value": "saga" },
  { "label": "Saitama", "value": "saitama" },
  { "label": "Shiga", "value": "shiga" },
  { "label": "Shimane", "value": "shimane" },
  { "label": "Shizuoka", "value": "shizuoka" },
  { "label": "Tochigi", "value": "tochigi" },
  { "label": "Tokushima", "value": "tokushima" },
  { "label": "Tottori", "value": "tottori" },
  { "label": "Toyama", "value": "toyama" },
  { "label": "Tōkyō", "value": "t_ky_" },
  { "label": "Wakayama", "value": "wakayama" },
  { "label": "Yamagata", "value": "yamagata" },
  { "label": "Yamaguchi", "value": "yamaguchi" },
  { "label": "Yamanashi", "value": "yamanashi" },
  { "label": "Ōita", "value": "_ita" },
  { "label": "Ōsaka", "value": "_saka" },
  { "label": "Banteay Meanchey", "value": "banteay_meanchey" },
  { "label": "Battambang", "value": "battambang" },
  { "label": "Kampong Cham", "value": "kampong_cham" },
  { "label": "Kampong Chhnang", "value": "kampong_chhnang" },
  { "label": "Kampong Speu", "value": "kampong_speu" },
  { "label": "Kampong Thom", "value": "kampong_thom" },
  { "label": "Kampot", "value": "kampot" },
  { "label": "Kandal", "value": "kandal" },
  { "label": "Kep", "value": "kep" },
  { "label": "Koh Kong", "value": "koh_kong" },
  { "label": "Kratié", "value": "krati_" },
  { "label": "Mondulkiri", "value": "mondulkiri" },
  { "label": "Oddar Meanchey", "value": "oddar_meanchey" },
  { "label": "Pailin", "value": "pailin" },
  { "label": "Phnom Penh Municipality", "value": "phnom_penh_municipality" },
  { "label": "Preah Sihanouk", "value": "preah_sihanouk" },
  { "label": "Preah Vihear", "value": "preah_vihear" },
  { "label": "Prey Veng", "value": "prey_veng" },
  { "label": "Pursat", "value": "pursat" },
  { "label": "Ratanakiri", "value": "ratanakiri" },
  { "label": "Siem Reap", "value": "siem_reap" },
  { "label": "Stung Treng", "value": "stung_treng" },
  { "label": "Svay Rieng", "value": "svay_rieng" },
  { "label": "Takéo", "value": "tak_o" },
  { "label": "Tbong Khmum", "value": "tbong_khmum" },
  { "label": "Aguascalientes", "value": "aguascalientes" },
  { "label": "Baja California", "value": "baja_california" },
  { "label": "Baja California Sur", "value": "baja_california_sur" },
  { "label": "Campeche", "value": "campeche" },
  { "label": "Chiapas", "value": "chiapas" },
  { "label": "Chihuahua", "value": "chihuahua" },
  { "label": "Coahuila", "value": "coahuila" },
  { "label": "Colima", "value": "colima" },
  { "label": "Durango", "value": "durango" },
  { "label": "Federal District", "value": "federal_district" },
  { "label": "Guanajuato", "value": "guanajuato" },
  { "label": "Guerrero", "value": "guerrero" },
  { "label": "Hidalgo", "value": "hidalgo" },
  { "label": "Jalisco", "value": "jalisco" },
  { "label": "Mexico", "value": "mexico" },
  { "label": "Michoacán", "value": "michoac_n" },
  { "label": "Morelos", "value": "morelos" },
  { "label": "Nayarit", "value": "nayarit" },
  { "label": "Nuevo León", "value": "nuevo_le_n" },
  { "label": "Oaxaca", "value": "oaxaca" },
  { "label": "Puebla", "value": "puebla" },
  { "label": "Querétaro", "value": "quer_taro" },
  { "label": "Quintana Roo", "value": "quintana_roo" },
  { "label": "San Luis Potosí", "value": "san_luis_potos_" },
  { "label": "Sinaloa", "value": "sinaloa" },
  { "label": "Sonora", "value": "sonora" },
  { "label": "Tabasco", "value": "tabasco" },
  { "label": "Tamaulipas", "value": "tamaulipas" },
  { "label": "Tlaxcala", "value": "tlaxcala" },
  { "label": "Veracruz", "value": "veracruz" },
  { "label": "Yucatán", "value": "yucat_n" },
  { "label": "Zacatecas", "value": "zacatecas" },
  { "label": "Abia", "value": "abia" },
  { "label": "Abuja", "value": "abuja" },
  { "label": "Adamawa", "value": "adamawa" },
  { "label": "Akwa Ibom", "value": "akwa_ibom" },
  { "label": "Anambra", "value": "anambra" },
  { "label": "Bauchi", "value": "bauchi" },
  { "label": "Bayelsa", "value": "bayelsa" },
  { "label": "Benue", "value": "benue" },
  { "label": "Borno", "value": "borno" },
  { "label": "Cross River", "value": "cross_river" },
  { "label": "Delta", "value": "delta" },
  { "label": "Ebonyi", "value": "ebonyi" },
  { "label": "Edo", "value": "edo" },
  { "label": "Ekiti", "value": "ekiti" },
  { "label": "Enugu", "value": "enugu" },
  { "label": "Gombe", "value": "gombe" },
  { "label": "Imo", "value": "imo" },
  { "label": "Jigawa", "value": "jigawa" },
  { "label": "Kaduna", "value": "kaduna" },
  { "label": "Kano", "value": "kano" },
  { "label": "Katsina", "value": "katsina" },
  { "label": "Kebbi", "value": "kebbi" },
  { "label": "Kogi", "value": "kogi" },
  { "label": "Kwara", "value": "kwara" },
  { "label": "Lagos", "value": "lagos" },
  { "label": "Nasarawa", "value": "nasarawa" },
  { "label": "Niger", "value": "niger" },
  { "label": "Ogun", "value": "ogun" },
  { "label": "Ondo", "value": "ondo" },
  { "label": "Osun", "value": "osun" },
  { "label": "Oyo", "value": "oyo" },
  { "label": "Plateau", "value": "plateau" },
  { "label": "Rivers", "value": "rivers" },
  { "label": "Sokoto", "value": "sokoto" },
  { "label": "Taraba", "value": "taraba" },
  { "label": "Yobe", "value": "yobe" },
  { "label": "Zamfara", "value": "zamfara" },
  { "label": "Drenthe", "value": "drenthe" },
  { "label": "Flevoland", "value": "flevoland" },
  { "label": "Friesland", "value": "friesland" },
  { "label": "Gelderland", "value": "gelderland" },
  { "label": "Groningen", "value": "groningen" },
  { "label": "Limburg", "value": "limburg" },
  { "label": "Noord-Brabant", "value": "noord_brabant" },
  { "label": "Noord-Holland", "value": "noord_holland" },
  { "label": "Overijssel", "value": "overijssel" },
  { "label": "Utrecht", "value": "utrecht" },
  { "label": "Zeeland", "value": "zeeland" },
  { "label": "Zuid-Holland", "value": "zuid_holland" },
  { "label": "Amazonas", "value": "amazonas" },
  { "label": "Ancash", "value": "ancash" },
  { "label": "Apurímac", "value": "apur_mac" },
  { "label": "Arequipa", "value": "arequipa" },
  { "label": "Ayacucho", "value": "ayacucho" },
  { "label": "Cajamarca", "value": "cajamarca" },
  { "label": "Callao", "value": "callao" },
  { "label": "Cusco", "value": "cusco" },
  { "label": "Huancavelica", "value": "huancavelica" },
  { "label": "Huánuco", "value": "hu_nuco" },
  { "label": "Ica", "value": "ica" },
  { "label": "Junín", "value": "jun_n" },
  { "label": "La Libertad", "value": "la_libertad" },
  { "label": "Lambayeque", "value": "lambayeque" },
  { "label": "Lima", "value": "lima" },
  { "label": "Loreto", "value": "loreto" },
  { "label": "Madre de Dios", "value": "madre_de_dios" },
  { "label": "Moquegua", "value": "moquegua" },
  { "label": "Pasco", "value": "pasco" },
  { "label": "Piura", "value": "piura" },
  { "label": "Puno", "value": "puno" },
  { "label": "San Martín", "value": "san_mart_n" },
  { "label": "Tacna", "value": "tacna" },
  { "label": "Tumbes", "value": "tumbes" },
  { "label": "Ucayali", "value": "ucayali" },
  { "label": "autonomous", "value": "autonomous" },
  { "label": "Alabama", "value": "alabama" },
  { "label": "Alaska", "value": "alaska" },
  { "label": "American Samoa", "value": "american_samoa" },
  { "label": "Arizona", "value": "arizona" },
  { "label": "Arkansas", "value": "arkansas" },
  { "label": "California", "value": "california" },
  { "label": "Colorado", "value": "colorado" },
  { "label": "Connecticut", "value": "connecticut" },
  { "label": "Delaware", "value": "delaware" },
  { "label": "District of Columbia", "value": "district_of_columbia" },
  { "label": "Florida", "value": "florida" },
  { "label": "Georgia", "value": "georgia" },
  { "label": "Guam", "value": "guam" },
  { "label": "Hawaii", "value": "hawaii" },
  { "label": "Idaho", "value": "idaho" },
  { "label": "Illinois", "value": "illinois" },
  { "label": "Indiana", "value": "indiana" },
  { "label": "Iowa", "value": "iowa" },
  { "label": "Kansas", "value": "kansas" },
  { "label": "Kentucky", "value": "kentucky" },
  { "label": "Louisiana", "value": "louisiana" },
  { "label": "Maine", "value": "maine" },
  { "label": "Maryland", "value": "maryland" },
  { "label": "Massachusetts", "value": "massachusetts" },
  { "label": "Michigan", "value": "michigan" },
  { "label": "Minnesota", "value": "minnesota" },
  { "label": "Mississippi", "value": "mississippi" },
  { "label": "Missouri", "value": "missouri" },
  { "label": "Montana", "value": "montana" },
  { "label": "Nebraska", "value": "nebraska" },
  { "label": "Nevada", "value": "nevada" },
  { "label": "New Hampshire", "value": "new_hampshire" },
  { "label": "New Jersey", "value": "new_jersey" },
  { "label": "New Mexico", "value": "new_mexico" },
  { "label": "New York", "value": "new_york" },
  { "label": "North Carolina", "value": "north_carolina" },
  { "label": "North Dakota", "value": "north_dakota" },
  { "label": "Northern Mariana Islands", "value": "northern_mariana_islands" },
  { "label": "Ohio", "value": "ohio" },
  { "label": "Oklahoma", "value": "oklahoma" },
  { "label": "Oregon", "value": "oregon" },
  { "label": "Pennsylvania", "value": "pennsylvania" },
  { "label": "Puerto Rico", "value": "puerto_rico" },
  { "label": "Rhode Island", "value": "rhode_island" },
  { "label": "South Carolina", "value": "south_carolina" },
  { "label": "South Dakota", "value": "south_dakota" },
  { "label": "Tennessee", "value": "tennessee" },
  { "label": "Texas", "value": "texas" },
  { "label": "United States Minor Outlying Islands", "value": "united_states_minor_outlying_islands" },
  { "label": "Utah", "value": "utah" },
  { "label": "Vermont", "value": "vermont" },
  { "label": "Virgin Islands", "value": "virgin_islands" },
  { "label": "Virginia", "value": "virginia" },
  { "label": "Washington", "value": "washington" },
  { "label": "West Virginia", "value": "west_virginia" },
  { "label": "Wisconsin", "value": "wisconsin" },
  { "label": "Wyoming", "value": "wyoming" }
]
